<?xml version="1.0" encoding="UTF-8"?>
<!DOCTYPE mapper
  PUBLIC "-//mybatis.org//DTD Mapper 3.0//EN"
  "http://mybatis.org/dtd/mybatis-3-mapper.dtd">
<mapper namespace="org.zerock.mapper.ReplyMapper">

<insert id="insert">
insert into tbl_reply (rno,bno,reply,replyer)
values (seq_reply.nextval,#{bno},#{reply},#{replyer})
</insert>

<select id="read" resultType="org.zerock.domain.ReplyVO">
select * from tbl_reply where rno = #{rno}
</select>

<delete id="delete">
delete from tbl_reply where rno = #{rno}
</delete>

<update id="update">
update tbl_reply set reply = #{reply},updatedate = sysdate where rno = #{rno}
</update>

<select id="getListWithPaging" resultType="org.zerock.domain.ReplyVO">
    SELECT rno, bno, reply, replyer, replyDate, updatedate
    FROM tbl_reply
    WHERE bno = #{bno}
    ORDER BY rno ASC
</select>

</mapper>